# Linear attenuation coefficients of water and air, 0.5 keV steps.
# Used by hu.py for mu -> HU at the mean beam energy.
# E [keV], water [cm^-1], air [cm^-1]
0.5,1280.281,17.470644
1,4076.5863,4.3397996
1.5,1375.552,1.4329624
2,617.26699,0.6352835
2.5,326.79398,0.33345474
3,192.82095,0.21593611
3.5,122.77499,0.13814295
4,82.76604,0.093013542
4.5,58.329667,0.065627456
5,42.586926,0.04802829
5.5,32.002542,0.036160145
6,24.638258,0.027879954
6.5,19.365159,0.021941137
7,15.494126,0.017575701
7.5,12.590661,0.014297614
8,10.371867,0.011789905
8.5,8.6482726,0.009839968
9,7.2898282,0.00830163
9.5,6.2052542,0.007072234
10,5.3292678,0.006078323
10.5,4.6143694,0.005266419
11,4.0253972,0.004596918
11.5,3.5360039,0.004040118
12,3.1261448,0.003573406
12.5,2.7804069,0.003179377
13,2.4868069,0.002844493
13.5,2.2359411,0.002558121
14,2.0203457,0.002311813
14.5,1.8340837,0.00209885
15,1.672345,0.00191378
15.5,1.5312509,0.001752207
16,1.4076134,0.001610521
16.5,1.2988191,0.001485756
17,1.2027108,0.001375467
17.5,1.1174896,0.00127761
18,1.0416588,0.001190483
18.5,0.97395596,0.001112651
19,0.91332077,0.001042906
19.5,0.85884789,0.000980217
20,0.80977599,0.000923715
20.5,0.76545106,0.000872655
21,0.72530621,0.000826388
21.5,0.68886195,0.000784367
22,0.65569809,0.000746111
22.5,0.6254512,0.000711205
23,0.59780799,0.00067929
23.5,0.57249018,0.000650048
24,0.54925765,0.000623204
24.5,0.52789743,0.000598514
25,0.50822306,0.000575765
25.5,0.49006899,0.000554766
26,0.47329007,0.000535351
26.5,0.45775549,0.000517371
27,0.44335105,0.000500694
27.5,0.42997383,0.000485202
28,0.41753125,0.000470788
28.5,0.40594217,0.00045736
29,0.39513204,0.000444832
29.5,0.38503543,0.000433128
30,0.37559288,0.000422181
30.5,0.3667463,0.000411922
31,0.35845234,0.000402303
31.5,0.35066625,0.000393272
32,0.34334902,0.000384783
32.5,0.33646423,0.000376795
33,0.32997914,0.00036927
33.5,0.32386359,0.000362174
34,0.31809128,0.000355475
34.5,0.31263648,0.000349145
35,0.30747678,0.000343156
35.5,0.30259144,0.000337486
36,0.29796179,0.000332113
36.5,0.29356955,0.000327015
37,0.28939946,0.000322175
37.5,0.28543631,0.000317576
38,0.28166642,0.0003132
38.5,0.27807753,0.000309036
39,0.274658,0.000305068
39.5,0.27139696,0.000301284
40,0.26828463,0.000297673
40.5,0.2653135,0.000294226
41,0.26247339,0.000290931
41.5,0.25975639,0.00028778
42,0.25715519,0.000284763
42.5,0.25466316,0.000281874
43,0.25227367,0.000279103
43.5,0.24998134,0.000276445
44,0.24778043,0.000273894
44.5,0.24566601,0.000271444
45,0.24363321,0.000269088
45.5,0.24167754,0.000266822
46,0.23979501,0.000264641
46.5,0.23798174,0.000262541
47,0.23623401,0.000260517
47.5,0.23454855,0.000258565
48,0.23292207,0.000256682
48.5,0.23135172,0.000254865
49,0.22983451,0.000253109
49.5,0.22836802,0.000251412
50,0.2269496,0.000249772
50.5,0.22557653,0.000248184
51,0.22424725,0.000246647
51.5,0.22295944,0.000245158
52,0.22171115,0.000243716
52.5,0.22050073,0.000242318
53,0.21932635,0.000240961
53.5,0.21818625,0.000239645
54,0.21707902,0.000238368
54.5,0.21600304,0.000237126
55,0.21495709,0.00023592
55.5,0.21393983,0.000234748
56,0.21294987,0.000233607
56.5,0.21198623,0.000232497
57,0.21104761,0.000231417
57.5,0.21013312,0.000230365
58,0.20924166,0.00022934
58.5,0.20837224,0.000228341
59,0.20752408,0.000227366
59.5,0.2066962,0.000226416
60,0.20588783,0.000225488
60.5,0.20509832,0.000224583
61,0.20432684,0.000223699
61.5,0.20357267,0.000222835
62,0.20283521,0.000221991
62.5,0.20211365,0.000221166
63,0.20140761,0.000220359
63.5,0.20071648,0.000219569
64,0.20003962,0.000218796
64.5,0.19937649,0.000218039
65,0.19872675,0.000217297
65.5,0.19808987,0.000216571
66,0.19746535,0.000215859
66.5,0.19685277,0.000215162
67,0.1962518,0.000214477
67.5,0.19566195,0.000213806
68,0.19508281,0.000213147
68.5,0.19451419,0.000212501
69,0.19395558,0.000211866
69.5,0.1934067,0.000211243
70,0.19286726,0.00021063
70.5,0.19233698,0.000210028
71,0.19181558,0.000209437
71.5,0.19130262,0.000208855
72,0.19079805,0.000208283
72.5,0.19030149,0.00020772
73,0.18981274,0.000207167
73.5,0.18933144,0.000206622
74,0.1888576,0.000206086
74.5,0.1883908,0.000205557
75,0.18793095,0.000205037
75.5,0.18747778,0.000204525
76,0.18703118,0.00020402
76.5,0.18659083,0.000203523
77,0.18615663,0.000203032
77.5,0.18572849,0.000202549
78,0.18530602,0.000202072
78.5,0.18488935,0.000201601
79,0.18447808,0.000201137
79.5,0.18407223,0.000200679
80,0.18367157,0.000200227
80.5,0.18327584,0.000199781
81,0.18288514,0.000199341
81.5,0.18249918,0.000198906
82,0.18211799,0.000198476
82.5,0.18174125,0.000198052
83,0.18136901,0.000197632
83.5,0.18100116,0.000197218
84,0.18063747,0.000196809
84.5,0.1802779,0.000196404
85,0.17992244,0.000196004
85.5,0.17957085,0.000195609
86,0.17922311,0.000195217
86.5,0.17887909,0.000194831
87,0.17853875,0.000194448
87.5,0.17820192,0.00019407
88,0.17786866,0.000193695
88.5,0.17753876,0.000193325
89,0.17721215,0.000192958
89.5,0.17688883,0.000192595
90,0.17656871,0.000192236
90.5,0.17625166,0.000191881
91,0.17593768,0.000191529
91.5,0.17562666,0.00019118
92,0.17531857,0.000190835
92.5,0.17501328,0.000190493
93,0.17471087,0.000190154
93.5,0.17441108,0.000189818
94,0.17411404,0.000189486
94.5,0.17381959,0.000189157
95,0.17352773,0.00018883
95.5,0.17323833,0.000188507
96,0.17295144,0.000188186
96.5,0.17266693,0.000187868
97,0.17238479,0.000187553
97.5,0.17210499,0.000187241
98,0.17182752,0.000186931
98.5,0.1715522,0.000186624
99,0.17127912,0.00018632
99.5,0.1710082,0.000186018
100,0.17073935,0.000185718
100.5,0.17047268,0.000185421
101,0.17020803,0.000185126
101.5,0.16994535,0.000184834
102,0.16968465,0.000184544
102.5,0.16942588,0.000184256
103,0.16916898,0.00018397
103.5,0.16891397,0.000183687
104,0.16866079,0.000183405
104.5,0.16840937,0.000183126
105,0.16815971,0.000182849
105.5,0.16791181,0.000182574
106,0.16766561,0.0001823
106.5,0.16742112,0.000182029
107,0.16717824,0.00018176
107.5,0.16693698,0.000181492
108,0.16669733,0.000181227
108.5,0.16645926,0.000180963
109,0.16622271,0.000180701
109.5,0.1659877,0.000180441
110,0.16575421,0.000180182
110.5,0.16552214,0.000179925
111,0.16529157,0.00017967
111.5,0.16506243,0.000179417
112,0.16483468,0.000179165
112.5,0.16460833,0.000178914
113,0.16438333,0.000178666
113.5,0.16415972,0.000178419
114,0.16393742,0.000178173
114.5,0.16371639,0.000177929
115,0.16349671,0.000177686
115.5,0.16327827,0.000177445
116,0.16306108,0.000177205
116.5,0.16284511,0.000176967
117,0.16263038,0.00017673
117.5,0.16241688,0.000176495
118,0.16220453,0.00017626
118.5,0.16199333,0.000176028
119,0.16178334,0.000175796
119.5,0.1615745,0.000175566
120,0.16136676,0.000175337
120.5,0.16116011,0.000175109
121,0.16095459,0.000174883
121.5,0.16075013,0.000174658
122,0.16054669,0.000174434
122.5,0.16034441,0.000174211
123,0.16014312,0.000173989
123.5,0.15994287,0.000173769
124,0.1597436,0.00017355
124.5,0.15954531,0.000173332
125,0.15934814,0.000173115
125.5,0.15915184,0.000172899
126,0.15895651,0.000172684
126.5,0.15876222,0.000172471
127,0.15856881,0.000172258
127.5,0.15837633,0.000172046
128,0.15818478,0.000171836
128.5,0.15799415,0.000171626
129,0.15780444,0.000171418
129.5,0.15761563,0.000171211
130,0.15742763,0.000171004
130.5,0.1572406,0.000170799
131,0.15705436,0.000170594
131.5,0.15686895,0.000170391
132,0.15668447,0.000170188
132.5,0.15650076,0.000169987
133,0.15631793,0.000169786
133.5,0.15613587,0.000169586
134,0.15595461,0.000169387
134.5,0.15577421,0.000169189
135,0.15559459,0.000168992
135.5,0.15541573,0.000168796
136,0.15523765,0.000168601
136.5,0.15506035,0.000168407
137,0.1548838,0.000168213
137.5,0.15470799,0.00016802
138,0.15453295,0.000167828
138.5,0.15435856,0.000167637
139,0.15418505,0.000167447
139.5,0.15401216,0.000167258
140,0.15384004,0.000167069
140.5,0.15366861,0.000166881
141,0.15349784,0.000166694
141.5,0.1533278,0.000166508
142,0.15315847,0.000166322
142.5,0.1529898,0.000166138
143,0.15282179,0.000165954
143.5,0.1526545,0.00016577
144,0.15248783,0.000165588
144.5,0.15232181,0.000165406
145,0.15215646,0.000165225
145.5,0.15199177,0.000165045
146,0.15182772,0.000164865
146.5,0.15166429,0.000164686
147,0.15150157,0.000164508
147.5,0.15133935,0.00016433
148,0.15117781,0.000164154
148.5,0.15101686,0.000163978
149,0.15085654,0.000163802
149.5,0.15069682,0.000163627
150,0.15053769,0.000163453
150.5,0.15037911,0.00016328
151,0.15022115,0.000163107
151.5,0.15006382,0.000162935
152,0.14990702,0.000162763
152.5,0.14975079,0.000162592
153,0.14959514,0.000162422
153.5,0.14944011,0.000162253
154,0.14928553,0.000162084
154.5,0.14913159,0.000161915
155,0.14897819,0.000161747
155.5,0.1488253,0.00016158
156,0.14867303,0.000161414
156.5,0.14852121,0.000161248
157,0.14837002,0.000161082
157.5,0.14821927,0.000160918
158,0.14806911,0.000160753
158.5,0.14791946,0.00016059
159,0.14777033,0.000160427
159.5,0.14762174,0.000160264
160,0.14747363,0.000160103
160.5,0.14732602,0.000159941
161,0.14717898,0.000159781
161.5,0.14703244,0.00015962
162,0.14688631,0.000159461
162.5,0.14674076,0.000159302
163,0.14659566,0.000159143
163.5,0.14645109,0.000158985
164,0.14630697,0.000158828
164.5,0.14616332,0.000158671
165,0.1460202,0.000158514
165.5,0.14587749,0.000158358
166,0.14573533,0.000158203
166.5,0.1455936,0.000158048
167,0.14545235,0.000157894
167.5,0.14531155,0.00015774
168,0.14517127,0.000157587
168.5,0.14503138,0.000157434
169,0.14489194,0.000157282
169.5,0.14475297,0.00015713
170,0.14461449,0.000156979
170.5,0.1444764,0.000156828
171,0.14433881,0.000156678
171.5,0.14420162,0.000156528
172,0.14406484,0.000156379
172.5,0.14392857,0.00015623
173,0.1437927,0.000156082
173.5,0.14365725,0.000155934
174,0.14352222,0.000155786
174.5,0.14338763,0.000155639
175,0.14325347,0.000155493
175.5,0.14311971,0.000155347
176,0.14298637,0.000155201
176.5,0.14285345,0.000155056
177,0.14272095,0.000154912
177.5,0.14258884,0.000154768
178,0.14245718,0.000154624
178.5,0.14232591,0.000154481
179,0.14219503,0.000154338
179.5,0.14206455,0.000154195
180,0.14193449,0.000154053
180.5,0.14180479000000001,0.000153912
181,0.1416755,0.000153771
181.5,0.14154664,0.00015363
182,0.14141813,0.00015349
182.5,0.14128999,0.00015335
183,0.14116221,0.000153211
183.5,0.14103488,0.000153072
184,0.14090793,0.000152933
184.5,0.14078133,0.000152795
185,0.14065509,0.000152658
185.5,0.14052926,0.00015252
186,0.14040375,0.000152383
186.5,0.14027864,0.000152247
187,0.14015394,0.000152111
187.5,0.14002955,0.000151975
188,0.13990554,0.00015184
188.5,0.13978187,0.000151705
189,0.13965858,0.000151571
189.5,0.13953567,0.000151437
190,0.13941308,0.000151303
190.5,0.13929083,0.00015117
191,0.139169,0.000151037
191.5,0.13904749,0.000150904
192,0.1389263,0.000150772
192.5,0.13880548,0.000150641
193,0.13868501,0.000150509
193.5,0.13856487,0.000150378
194,0.13844507,0.000150248
194.5,0.1383256,0.000150118
195,0.13820649,0.000149988
195.5,0.13808772,0.000149858
196,0.13796922,0.000149729
196.5,0.13785115,0.0001496
197,0.13773333,0.000149472
197.5,0.13761587,0.000149344
198,0.13749878,0.000149216
198.5,0.13738196,0.000149089
199,0.13726544,0.000148962
199.5,0.13714932,0.000148836
200,0.13703344,0.000148709
200.5,0.13691791,0.000148583
201,0.13680266,0.000148458
201.5,0.13668775,0.000148333
202,0.13657314,0.000148208
202.5,0.13645886,0.000148083
203,0.13634492,0.000147959
203.5,0.13623128,0.000147835
204,0.13611789,0.000147712
204.5,0.13600484,0.000147589
205,0.13589211,0.000147466
205.5,0.13577965,0.000147343
206,0.13566753,0.000147221
206.5,0.13555567,0.000147099
207,0.13544411,0.000146978
207.5,0.13533288,0.000146857
208,0.1352219,0.000146736
208.5,0.13511124,0.000146615
209,0.13500087,0.000146495
209.5,0.13489078,0.000146375
210,0.13478098,0.000146256
210.5,0.13467148,0.000146136
211,0.13456229,0.000146017
211.5,0.13445333,0.000145899
212,0.13434467,0.00014578
212.5,0.1342363,0.000145662
213,0.13412816,0.000145545
213.5,0.13402038,0.000145427
214,0.13391284,0.00014531
214.5,0.13380559,0.000145193
215,0.13369856,0.000145077
215.5,0.13359189,0.000144961
216,0.13348544,0.000144845
216.5,0.13337924,0.000144729
217,0.13327331,0.000144614
217.5,0.13316767,0.000144499
218,0.13306231,0.000144384
218.5,0.13295721,0.00014427
219,0.13285236,0.000144156
219.5,0.13274778,0.000144042
220,0.13264346,0.000143928
220.5,0.13253942,0.000143815
221,0.13243564,0.000143702
221.5,0.13233206,0.00014359
222,0.1322288,0.000143477
222.5,0.13212576,0.000143365
223,0.13202298,0.000143253
223.5,0.13192046,0.000143142
224,0.13181817,0.00014303
224.5,0.13171615,0.000142919
225,0.13161439,0.000142809
225.5,0.13151287,0.000142698
226,0.13141159,0.000142588
226.5,0.13131055,0.000142478
227,0.13120977,0.000142368
227.5,0.13110921,0.000142259
228,0.1310089,0.00014215
228.5,0.13090886,0.000142041
229,0.13080904,0.000141932
229.5,0.13070945,0.000141824
230,0.13061013,0.000141716
230.5,0.13051098,0.000141608
231,0.13041212,0.000141501
231.5,0.13031351,0.000141393
232,0.13021511,0.000141286
232.5,0.13011692,0.000141179
233,0.13001902,0.000141073
233.5,0.12992129,0.000140967
234,0.1298238,0.000140861
234.5,0.12972656,0.000140755
235,0.12962951,0.000140649
235.5,0.12953276,0.000140544
236,0.12943617,0.000140439
236.5,0.1293398,0.000140334
237,0.1292437,0.00014023
237.5,0.12914782,0.000140125
238,0.1290521,0.000140021
238.5,0.12895663,0.000139918
239,0.12886139,0.000139814
239.5,0.12876642,0.000139711
240,0.12867162,0.000139608
240.5,0.12857701,0.000139505
241,0.12848265,0.000139402
241.5,0.12838851,0.0001393
242,0.12829458,0.000139198
242.5,0.12820084,0.000139096
243,0.12810733,0.000138994
243.5,0.12801404,0.000138893
244,0.12792095,0.000138791
244.5,0.12782802,0.00013869
245,0.12773539,0.00013859
245.5,0.12764296,0.000138489
246,0.12755065,0.000138389
246.5,0.12745861,0.000138289
247,0.12736677,0.000138189
247.5,0.12727514,0.000138089
248,0.12718373,0.00013799
248.5,0.12709248,0.000137891
249,0.12700141,0.000137792
249.5,0.12691061,0.000137693
250,0.12681996,0.000137595
250.5,0.12672951,0.000137496
251,0.12663931,0.000137398
251.5,0.12654926,0.0001373
252,0.12645942,0.000137203
252.5,0.12636981,0.000137105
253,0.12628031,0.000137008
253.5,0.1261911,0.000136911
254,0.12610206,0.000136814
254.5,0.12601318,0.000136718
255,0.12592451,0.000136621
255.5,0.12583604,0.000136525
256,0.12574775,0.000136429
256.5,0.12565965,0.000136334
257,0.12557173,0.000136238
257.5,0.12548404,0.000136143
258,0.12539647,0.000136048
258.5,0.12530913,0.000135953
259,0.12522198,0.000135858
259.5,0.12513498,0.000135764
260,0.12504818,0.000135669
260.5,0.12496161,0.000135575
261,0.12487518,0.000135481
261.5,0.12478891,0.000135388
262,0.12470287,0.000135294
262.5,0.12461701,0.000135201
263,0.12453133,0.000135108
263.5,0.12444579,0.000135015
264,0.12436045,0.000134922
264.5,0.12427531,0.00013483
265,0.12419036,0.000134737
265.5,0.12410549,0.000134645
266,0.1240209,0.000134553
266.5,0.12393642,0.000134462
267,0.12385216,0.00013437
267.5,0.12376808,0.000134279
268,0.12368415,0.000134188
268.5,0.12360038,0.000134097
269,0.12351686,0.000134006
269.5,0.12343338,0.000133915
270,0.12335018,0.000133825
270.5,0.12326712,0.000133735
271,0.12318421,0.000133645
271.5,0.12310149,0.000133555
272,0.12301892,0.000133465
272.5,0.12293652,0.000133376
273,0.12285429,0.000133286
273.5,0.12277224,0.000133197
274,0.12269038,0.000133108
274.5,0.12260862,0.00013302
275,0.12252707,0.000132931
275.5,0.12244566,0.000132843
276,0.12236448,0.000132754
276.5,0.12228339,0.000132666
277,0.12220251,0.000132579
277.5,0.12212177,0.000132491
278,0.12204116,0.000132403
278.5,0.12196075,0.000132316
279,0.12188048,0.000132229
279.5,0.12180042,0.000132142
280,0.12172045,0.000132055
280.5,0.12164067,0.000131968
281,0.12156103,0.000131882
281.5,0.12148158,0.000131796
282,0.12140227,0.00013171
282.5,0.12132314,0.000131624
283,0.1212441,0.000131538
283.5,0.1211653,0.000131452
284,0.12108658,0.000131367
284.5,0.12100804,0.000131282
285,0.1209297,0.000131197
285.5,0.12085142,0.000131112
286,0.12077337,0.000131027
286.5,0.12069546,0.000130942
287,0.12061765,0.000130858
287.5,0.12054006,0.000130774
288,0.12046257,0.00013069
288.5,0.12038525,0.000130606
289,0.12030811,0.000130522
289.5,0.12023107,0.000130438
290,0.12015422,0.000130355
290.5,0.12007748,0.000130272
291,0.1200009,0.000130188
291.5,0.11992448,0.000130106
292,0.11984816,0.000130023
292.5,0.11977204,0.00012994
293,0.11969604,0.000129858
293.5,0.11962018,0.000129775
294,0.1195445,0.000129693
294.5,0.11946888,0.000129611
295,0.11939351,0.000129529
295.5,0.11931821,0.000129448
296,0.11924308,0.000129366
296.5,0.1191681,0.000129285
297,0.11909326,0.000129203
297.5,0.11901854,0.000129122
298,0.11894397,0.00012904099999999999
298.5,0.11886954,0.000128961
299,0.11879525,0.00012888
299.5,0.1187211,0.0001288
300,0.11864706,0.000128719
300.5,0.11857323,0.000128639
301,0.1184995,0.000128559
301.5,0.11842588,0.000128479
302,0.11835246,0.0001284
302.5,0.11827912,0.00012832
303,0.11820598,0.000128241
303.5,0.11813292,0.000128161
304,0.11806,0.000128082
304.5,0.11798719,0.000128003
305,0.11791455,0.000127925
305.5,0.11784205,0.000127846
306,0.11776969,0.000127767
306.5,0.11769744,0.000127689
307,0.11762531,0.000127611
307.5,0.11755334,0.000127533
308,0.11748145,0.000127455
308.5,0.11740982,0.000127377
309,0.11733821,0.000127299
309.5,0.11726672,0.000127222
310,0.11719543,0.000127144
310.5,0.11712424,0.000127067
311,0.11705318,0.00012699
311.5,0.1169822,0.000126913
312,0.11691142,0.000126836
312.5,0.11684071,0.00012676
313,0.11677017,0.000126683
313.5,0.11669974,0.000126607
314,0.11662943,0.000126531
314.5,0.11655927,0.000126454
315,0.11648924,0.000126378
315.5,0.11641931,0.000126303
316,0.11634951,0.000126227
316.5,0.11627986,0.000126151
317,0.11621029,0.000126076
317.5,0.1161409,0.000126001
318,0.1160716,0.000125925
318.5,0.11600241,0.00012585
319,0.11593336,0.000125775
319.5,0.11586444,0.000125701
320,0.11579564,0.000125626
320.5,0.11572697,0.000125552
321,0.1156584,0.000125477
321.5,0.11558994,0.000125403
322,0.11552162,0.000125329
322.5,0.11545342,0.000125255
323,0.11538537,0.000125181
323.5,0.11531742,0.000125107
324,0.11524958,0.000125034
324.5,0.11518187,0.00012496
325,0.11511422,0.000124887
325.5,0.11504675,0.000124814
326,0.11497943,0.000124741
326.5,0.11491215,0.000124668
327,0.11484502,0.000124595
327.5,0.11477802,0.000124522
328,0.11471116,0.00012445
328.5,0.11464434,0.000124377
329,0.11457771,0.000124305
329.5,0.11451113,0.000124233
330,0.11444473,0.000124161
330.5,0.11437842,0.000124089
331,0.11431221,0.000124017
331.5,0.11424613,0.000123945
332,0.11418011,0.000123873
332.5,0.11411426,0.000123802
333,0.11404855,0.000123731
333.5,0.11398295,0.00012366
334,0.11391739,0.000123588
334.5,0.113852,0.000123517
335,0.11378669,0.000123447
335.5,0.11372151,0.000123376
336,0.11365643,0.000123305
336.5,0.11359148,0.000123235
337,0.11352663,0.000123164
337.5,0.1134619,0.000123094
338,0.11339725,0.000123024
338.5,0.11333274,0.000122954
339,0.11326836,0.000122884
339.5,0.11320403,0.000122814
340,0.11313986,0.000122745
340.5,0.11307578,0.000122675
341,0.11301183,0.000122606
341.5,0.11294793,0.000122536
342,0.11288417,0.000122467
342.5,0.11282054,0.000122398
343,0.112757,0.000122329
343.5,0.11269357,0.00012226
344,0.11263026,0.000122192
344.5,0.11256703,0.000122123
345,0.11250388,0.000122055
345.5,0.11244089,0.000121986
346,0.11237798,0.000121918
346.5,0.11231517,0.00012185
347,0.11225247,0.000121782
347.5,0.11218988,0.000121714
348,0.11212741,0.000121646
348.5,0.11206503,0.000121578
349,0.11200275,0.000121511
349.5,0.11194059,0.000121443
350,0.1118785,0.000121376
350.5,0.11181653,0.000121308
351,0.11175465,0.000121241
351.5,0.11169286,0.000121174
352,0.11163126,0.000121107
352.5,0.11156968,0.00012104
353,0.11150822,0.000120974
353.5,0.11144687,0.000120907
354,0.1113856,0.000120841
354.5,0.11132445,0.000120774
355,0.11126339,0.000120708
355.5,0.11120243,0.000120642
356,0.11114157,0.000120576
356.5,0.11108082,0.00012051
357,0.11102013,0.000120444
357.5,0.11095956,0.000120378
358,0.11089912,0.000120312
358.5,0.11083873,0.000120247
359,0.11077849,0.000120181
359.5,0.11071834,0.000120116
360,0.11065827,0.000120051
360.5,0.11059829,0.000119986
361,0.11053844,0.000119921
361.5,0.1104786,0.000119856
362,0.11041897,0.000119791
362.5,0.11035939,0.000119726
363,0.11029987,0.000119661
363.5,0.11024047,0.000119597
364,0.1101812,0.000119533
364.5,0.11012197,0.000119468
365,0.11006285,0.000119404
365.5,0.11000387,0.00011934
366,0.10994494,0.000119276
366.5,0.10988609,0.000119212
367,0.1098274,0.000119148
367.5,0.10976873,0.000119084
368,0.10971022,0.000119021
368.5,0.10965174,0.000118957
369,0.10959338,0.000118894
369.5,0.10953511,0.000118831
370,0.10947695,0.000118767
370.5,0.10941888,0.000118704
371,0.10936088,0.000118641
371.5,0.109303,0.000118578
372,0.10924523,0.000118515
372.5,0.10918746,0.000118453
373,0.10912987,0.00011839
373.5,0.10907234,0.000118328
374,0.10901489,0.000118265
374.5,0.10895753,0.000118203
375,0.10890027,0.000118141
375.5,0.10884311,0.000118078
376,0.10878604,0.000118016
376.5,0.10872902,0.000117954
377,0.10867214,0.000117893
377.5,0.10861533,0.000117831
378,0.10855859,0.000117769
378.5,0.10850197,0.000117707
379,0.10844543,0.000117646
379.5,0.10838893,0.000117585
380,0.10833259,0.000117523
380.5,0.10827628,0.000117462
381,0.10822011,0.000117401
381.5,0.10816401,0.00011734
382,0.10810796,0.000117279
382.5,0.10805203,0.000117218
383,0.10799619,0.000117157
383.5,0.10794041,0.000117097
384,0.10788477,0.000117036
384.5,0.10782913,0.000116976
385,0.10777364,0.000116915
385.5,0.10771822,0.000116855
386,0.10766284,0.000116795
386.5,0.10760764,0.000116735
387,0.10755245,0.000116675
387.5,0.10749741,0.000116615
388,0.10744238,0.000116555
388.5,0.10738748,0.000116495
389,0.10733261,0.000116436
389.5,0.10727792,0.000116376
390,0.10722324,0.000116317
390.5,0.10716865,0.000116257
391,0.10711415,0.000116198
391.5,0.10705975,0.000116139
392,0.10700542,0.000116079
392.5,0.10695115,0.00011602
393,0.10689699,0.000115961
393.5,0.10684292,0.000115903
394,0.1067889,0.000115844
394.5,0.10673501,0.000115785
395,0.10668113,0.000115726
395.5,0.1066274,0.000115668
396,0.1065737,0.00011561
396.5,0.1065201,0.000115551
397,0.10646663,0.000115493
397.5,0.10641319,0.000115435
398,0.10635981,0.000115377
398.5,0.10630653,0.000115319
399,0.10625331,0.000115261
399.5,0.10620019,0.000115203
400,0.1061472,0.000115145
400.5,0.10609427,0.000115087
401,0.10604141,0.00011503
401.5,0.10598859,0.000114972
402,0.10593587,0.000114915
402.5,0.10588325,0.000114858
403,0.10583074,0.0001148
403.5,0.10577826,0.000114743
404,0.10572584,0.000114686
404.5,0.10567354,0.000114629
405,0.10562131,0.000114572
405.5,0.10556915,0.000114515
406,0.10551706,0.000114459
406.5,0.10546502,0.000114402
407,0.10541311,0.000114345
407.5,0.10536127,0.000114289
408,0.10530948,0.000114232
408.5,0.10525777,0.000114176
409,0.10520614,0.00011412
409.5,0.1051546,0.000114064
410,0.10510312,0.000114008
410.5,0.10505171,0.000113952
411,0.10500035,0.000113896
411.5,0.10494911,0.00011384
412,0.10489794,0.000113784
412.5,0.10484683,0.000113728
413,0.10479578,0.000113673
413.5,0.10474479,0.000113617
414,0.10469394,0.000113562
414.5,0.10464315,0.000113506
415,0.10459238,0.000113451
415.5,0.10454173,0.000113396
416,0.10449111,0.00011334
416.5,0.10444058,0.000113285
417,0.10439014,0.00011323
417.5,0.10433979,0.000113175
418,0.10428946,0.000113121
418.5,0.10423922,0.000113066
419,0.10418904,0.000113011
419.5,0.104139,0.000112957
420,0.1040889,0.000112902
420.5,0.10403897,0.000112848
421,0.10398908,0.000112793
421.5,0.10393929,0.000112739
422,0.10388954,0.000112685
422.5,0.10383985,0.00011263
423,0.10379025,0.000112576
423.5,0.10374073,0.000112522
424,0.10369126,0.000112468
424.5,0.10364183,0.000112415
425,0.10359254,0.000112361
425.5,0.10354325,0.000112307
426,0.1034941,0.000112253
426.5,0.10344496,0.0001122
427,0.10339591,0.000112146
427.5,0.10334694,0.000112093
428,0.10329802,0.00011204
428.5,0.10324915,0.000111986
429,0.10320036,0.000111933
429.5,0.10315166,0.00011188
430,0.10310303,0.000111827
430.5,0.10305442,0.000111774
431,0.10300591,0.000111721
431.5,0.10295751,0.000111668
432,0.10290911,0.000111616
432.5,0.10286076,0.000111563
433,0.10281255,0.00011151
433.5,0.10276438,0.000111458
434,0.10271625,0.000111405
434.5,0.10266819,0.000111353
435,0.10262024,0.000111301
435.5,0.1025723,0.000111248
436,0.10252444,0.000111196
436.5,0.10247663,0.000111144
437,0.10242894,0.000111092
437.5,0.10238128,0.00011104
438,0.10233366,0.000110988
438.5,0.10228616,0.000110936
439,0.10223867,0.000110885
439.5,0.10219123,0.000110833
440,0.1021439,0.000110781
440.5,0.10209664,0.00011073
441,0.10204942,0.000110678
441.5,0.10200225,0.000110627
442,0.10195517,0.000110575
442.5,0.10190817,0.000110524
443,0.1018612,0.000110473
443.5,0.10181428,0.000110422
444,0.10176744,0.000110371
444.5,0.10172067,0.00011032
445,0.10167393,0.000110269
445.5,0.10162732,0.000110218
446,0.10158076,0.000110167
446.5,0.10153421,0.000110117
447,0.1014877,0.000110066
447.5,0.10144133,0.000110015
448,0.10139497,0.000109965
448.5,0.10134868,0.000109914
449,0.10130245,0.000109864
449.5,0.10125629,0.000109814
450,0.10121017,0.000109763
450.5,0.10116416,0.000109713
451,0.10111819,0.000109663
451.5,0.10107224,0.000109613
452,0.10102637,0.000109563
452.5,0.10098057,0.000109513
453,0.10093485,0.000109463
453.5,0.10088914,0.000109413
454,0.10084353,0.000109364
454.5,0.10079799,0.000109314
455,0.10075247,0.000109265
455.5,0.10070701,0.000109215
456,0.10066165,0.000109166
456.5,0.1006163,0.000109116
457,0.10057103,0.000109067
457.5,0.10052582,0.000109018
458,0.10048068,0.000108968
458.5,0.10043557,0.000108919
459,0.10039052,0.00010887
459.5,0.10034555,0.000108821
460,0.10030063,0.000108772
460.5,0.10025578,0.000108723
461,0.10021096,0.000108675
461.5,0.1001662,0.000108626
462,0.10012154,0.000108577
462.5,0.10007684,0.000108528
463,0.10003226,0.00010848
463.5,0.09998776,0.000108431
464,0.099943268,0.000108383
464.5,0.099898878,0.000108335
465,0.099854524,0.000108286
465.5,0.099810227,0.000108238
466,0.099765964,0.00010819
466.5,0.099721788,0.000108142
467,0.099677629,0.000108094
467.5,0.099633547,0.000108046
468,0.099589545,0.000107998
468.5,0.099545604,0.00010795
469,0.099501649,0.000107902
469.5,0.099457836,0.000107854
470,0.09941403,0.000107807
470.5,0.099370255,0.000107759
471,0.099326572,0.000107712
471.5,0.099282946,0.000107664
472,0.099239328,0.000107617
472.5,0.099195811,0.000107569
473,0.09915233,0.000107522
473.5,0.099108902,0.000107475
474,0.099065513,0.000107427
474.5,0.099022241,0.00010738
475,0.098978969,0.000107333
475.5,0.098935751,0.000107286
476,0.098892575,0.000107239
476.5,0.098849529,0.000107192
477,0.098806472,0.000107146
477.5,0.098763462,0.000107099
478,0.098720524,0.000107052
478.5,0.098677653,0.000107005
479,0.098634777,0.000106959
479.5,0.098591971,0.000106912
480,0.098549272,0.000106866
480.5,0.098506597,0.000106819
481,0.098463945,0.000106773
481.5,0.098421376,0.000106727
482,0.098378866,0.00010668
482.5,0.098336406,0.000106634
483,0.098293932,0.000106588
483.5,0.098251609,0.000106542
484,0.09820928,0.000106496
484.5,0.098166996,0.00010645
485,0.09812477,0.000106404
485.5,0.098082603,0.000106358
486,0.098040521,0.000106313
486.5,0.097998427,0.000106267
487,0.097956412,0.000106221
487.5,0.097914462,0.000106176
488,0.097872534,0.00010613
488.5,0.097830692,0.000106084
489,0.09778889,0.000106039
489.5,0.097747111,0.000105994
490,0.097705377,0.000105948
490.5,0.097663708,0.000105903
491,0.097622105,0.000105858
491.5,0.097580568,0.000105813
492,0.097539062,0.000105768
492.5,0.09749754,0.000105723
493,0.097456126,0.000105678
493.5,0.097414805,0.000105633
494,0.097373478,0.000105588
494.5,0.09733219,0.000105543
495,0.097290944,0.000105498
495.5,0.097249823,0.000105453
496,0.097208684,0.000105409
496.5,0.097167615,0.000105364
497,0.09712658,0.00010532
497.5,0.097085616,0.000105275
498,0.097044654,0.000105231
498.5,0.097003793,0.000105186
499,0.096962942,0.000105142
499.5,0.096922161,0.000105098
500,0.096881433,0.000105054
500.5,0.096840723,0.000105009
501,0.096800056,0.000104965
501.5,0.096759447,0.000104921
502,0.096718876,0.000104877
502.5,0.096678343,0.000104833
503,0.096637835,0.000104789
503.5,0.096597427,0.000104745
504,0.09655704,0.000104702
504.5,0.096516732,0.000104658
505,0.096476418,0.000104614
505.5,0.09643617,0.00010457
506,0.096395984,0.000104527
506.5,0.096355836,0.000104483
507,0.096315714,0.00010444
507.5,0.096275691,0.000104396
508,0.096235671,0.000104353
508.5,0.096195718,0.00010431
509,0.096155777,0.000104266
509.5,0.09611593,0.000104223
510,0.096076085,0.00010418
510.5,0.096036331,0.000104137
511,0.095996585,0.000104094
511.5,0.095956889,0.000104051
512,0.095917261,0.000104008
512.5,0.095877661,0.000103965
513,0.095838085,0.000103922
513.5,0.095798622,0.000103879
514,0.095759132,0.000103837
514.5,0.095719714,0.000103794
515,0.09568033,0.000103751
515.5,0.095641028,0.000103709
516,0.09560172,0.000103666
516.5,0.095562458,0.000103623
517,0.095523282,0.000103581
517.5,0.095484125,0.000103539
518,0.095445042,0.000103496
518.5,0.09540598,0.000103454
519,0.095366923,0.000103412
519.5,0.095327992,0.000103369
520,0.095289047,0.000103327
520.5,0.095250153,0.000103285
521,0.095211308,0.000103243
521.5,0.095172471,0.000103201
522,0.095133764,0.000103159
522.5,0.095095067,0.000103117
523,0.095056385,0.000103075
523.5,0.095017756,0.000103033
524,0.094979179,0.000102992
524.5,0.094940641,0.00010295
525,0.094902145,0.000102908
525.5,0.094863644,0.000102867
526,0.094825263,0.000102825
526.5,0.094786885,0.000102784
527,0.094748577,0.000102742
527.5,0.094710293,0.000102701
528,0.094672052,0.000102659
528.5,0.09463383,0.000102618
529,0.094595707,0.000102577
529.5,0.094557592,0.000102535
530,0.09451951,0.000102494
530.5,0.094481504,0.000102453
531,0.094443485,0.000102412
531.5,0.094405558,0.000102371
532,0.094367639,0.00010233
532.5,0.09432979,0.000102289
533,0.094291958,0.000102248
533.5,0.094254193,0.000102207
534,0.094216424,0.000102166
534.5,0.094178731,0.000102125
535,0.094141057,0.000102085
535.5,0.094103478,0.000102044
536,0.094065875,0.000102003
536.5,0.09402839,0.000101963
537,0.093990884,0.000101922
537.5,0.093953427,0.000101882
538,0.093916029,0.000101841
538.5,0.093878669,0.000101801
539,0.09384133,0.00010176
539.5,0.093804071,0.00010172
540,0.093766796,0.00010168
540.5,0.09372961,0.000101639
541,0.093692434,0.000101599
541.5,0.093655335,0.000101559
542,0.093618221,0.000101519
542.5,0.093581187,0.000101479
543,0.093544191,0.000101439
543.5,0.093507207,0.000101399
544,0.093470296,0.000101359
544.5,0.093433392,0.000101319
545,0.093396565,0.000101279
545.5,0.093359742,0.000101239
546,0.093322995,0.000101199
546.5,0.093286259,0.00010116
547,0.093249588,0.00010112
547.5,0.093212933,0.00010108
548,0.093176337,0.000101041
548.5,0.093139736,0.000101001
549,0.093103228,0.000100962
549.5,0.093066709,0.000100922
550,0.093030294,0.000100883
550.5,0.09299389,0.000100844
551,0.09295748,0.000100804
551.5,0.092921139,0.000100765
552,0.092884867,0.000100726
552.5,0.092848604,0.000100686
553,0.092812389,0.000100647
553.5,0.092776214,0.000100608
554,0.092740048,0.000100569
554.5,0.092703959,0.00010053
555,0.092667878,0.000100491
555.5,0.092631864,0.000100452
556,0.092595908,0.000100413
556.5,0.092559922,0.000100374
557,0.092523992,0.000100335
557.5,0.092488144,0.000100297
558,0.092452314,0.000100258
558.5,0.092416485,0.000100219
559,0.092380731,0.00010018
559.5,0.092345028,0.000100142
560,0.092309345,0.000100103
560.5,0.092273671,0.000100065
561,0.092238069,0.000100026
561.5,0.092202506,0.0001
562,0.092166962,9.99e-05
562.5,0.092131438,9.99e-05
563,0.092095993,9.99e-05
563.5,0.092060557,9.98e-05
564,0.09202519,9.98e-05
564.5,0.091989827,9.98e-05
565,0.091954494,9.97e-05
565.5,0.091919222,9.97e-05
566,0.091883979,9.96e-05
566.5,0.09184878,9.96e-05
567,0.091813602,9.96e-05
567.5,0.091778479,9.95e-05
568,0.091743355,9.95e-05
568.5,0.09170833,9.95e-05
569,0.091673288,9.94e-05
569.5,0.091638298,9.94e-05
570,0.091603358,9.93e-05
570.5,0.091568429,9.93e-05
571,0.091533563,9.93e-05
571.5,0.091498702,9.92e-05
572,0.09146391,9.92e-05
572.5,0.091429141,9.92e-05
573,0.091394396,9.91e-05
573.5,0.091359712,9.91e-05
574,0.09132503,9.9e-05
574.5,0.091290409,9.9e-05
575,0.091255827,9.9e-05
575.5,0.091221234,9.89e-05
576,0.091186748,9.89e-05
576.5,0.091152243,9.89e-05
577,0.091117799,9.88e-05
577.5,0.091083393,9.88e-05
578,0.091048979,9.87e-05
578.5,0.091014642,9.87e-05
579,0.090980319,9.87e-05
579.5,0.090946038,9.86e-05
580,0.090911802,9.86e-05
580.5,0.090877589,9.86e-05
581,0.09084345,9.85e-05
581.5,0.090809315,9.85e-05
582,0.090775165,9.84e-05
582.5,0.090741117,9.84e-05
583,0.09070707,9.84e-05
583.5,0.090673057,9.83e-05
584,0.090639096,9.83e-05
584.5,0.090605173,9.83e-05
585,0.090571286,9.82e-05
585.5,0.090537464,9.82e-05
586,0.090503571,9.82e-05
586.5,0.090469795,9.81e-05
587,0.090436054,9.81e-05
587.5,0.090402318,9.8e-05
588,0.090368614,9.8e-05
588.5,0.090334928,9.8e-05
589,0.090301324,9.79e-05
589.5,0.090267716,9.79e-05
590,0.090234176,9.79e-05
590.5,0.090200657,9.78e-05
591,0.090167123,9.78e-05
591.5,0.090133728,9.77e-05
592,0.090100282,9.77e-05
592.5,0.090066865,9.77e-05
593,0.090033543,9.76e-05
593.5,0.09000021,9.76e-05
594,0.089966905,9.76e-05
594.5,0.089933647,9.75e-05
595,0.089900409,9.75e-05
595.5,0.089867244,9.75e-05
596,0.089834077,9.74e-05
596.5,0.089800947,9.74e-05
597,0.089767872,9.74e-05
597.5,0.089734791,9.73e-05
598,0.089701766,9.73e-05
598.5,0.089668759,9.72e-05
599,0.089635815,9.72e-05
599.5,0.08960287,9.72e-05
600,0.089569984,9.71e-05
600.5,0.089537096,9.71e-05
601,0.089504306,9.71e-05
601.5,0.089471503,9.7e-05
602,0.08943872,9.7e-05
602.5,0.08940601,9.7e-05
603,0.089373298,9.69e-05
603.5,0.089340641,9.69e-05
604,0.089307975,9.69e-05
604.5,0.089275417,9.68e-05
605,0.089242851,9.68e-05
605.5,0.089210325,9.68e-05
606,0.08917779,9.67e-05
606.5,0.089145312,9.67e-05
607,0.089112891,9.66e-05
607.5,0.089080481,9.66e-05
608,0.0890481,9.66e-05
608.5,0.089015754,9.65e-05
609,0.088983448,9.65e-05
609.5,0.088951144,9.65e-05
610,0.088918883,9.64e-05
610.5,0.088886675,9.64e-05
611,0.088854508,9.64e-05
611.5,0.088822343,9.63e-05
612,0.088790199,9.63e-05
612.5,0.088758138,9.63e-05
613,0.088726076,9.62e-05
613.5,0.088694022,9.62e-05
614,0.08866204,9.62e-05
614.5,0.088630051,9.61e-05
615,0.088598157,9.61e-05
615.5,0.088566221,9.61e-05
616,0.088534369,9.6e-05
616.5,0.088502527,9.6e-05
617,0.088470711,9.59e-05
617.5,0.088438964,9.59e-05
618,0.088407191,9.59e-05
618.5,0.088375465,9.58e-05
619,0.088343813,9.58e-05
619.5,0.088312152,9.58e-05
620,0.088280509,9.57e-05
620.5,0.088248919,9.57e-05
621,0.088217373,9.57e-05
621.5,0.088185826,9.56e-05
622,0.088154328,9.56e-05
622.5,0.088122833,9.56e-05
623,0.088091458,9.55e-05
623.5,0.088060022,9.55e-05
624,0.08802864,9.55e-05
624.5,0.087997305,9.54e-05
625,0.087966012,9.54e-05
625.5,0.087934716,9.54e-05
626,0.087903443,9.53e-05
626.5,0.087872235,9.53e-05
627,0.087841071,9.53e-05
627.5,0.087809868,9.52e-05
628,0.087778782,9.52e-05
628.5,0.087747632,9.52e-05
629,0.087716587,9.51e-05
629.5,0.087685534,9.51e-05
630,0.08765452,9.51e-05
630.5,0.087623579,9.5e-05
631,0.087592571,9.5e-05
631.5,0.087561685,9.5e-05
632,0.087530815,9.49e-05
632.5,0.087499939,9.49e-05
633,0.087469109,9.49e-05
633.5,0.087438315,9.48e-05
634,0.087407556,9.48e-05
634.5,0.087376816,9.48e-05
635,0.087346097,9.47e-05
635.5,0.087315443,9.47e-05
636,0.087284756,9.47e-05
636.5,0.087254157,9.46e-05
637,0.087223566,9.46e-05
637.5,0.087193004,9.46e-05
638,0.087162496,9.45e-05
638.5,0.087132008,9.45e-05
639,0.087101524,9.45e-05
639.5,0.087071107,9.44e-05
640,0.087040668,9.44e-05
640.5,0.087010289,9.44e-05
641,0.086979965,9.43e-05
641.5,0.086949603,9.43e-05
642,0.086919333,9.43e-05
642.5,0.08688907,9.42e-05
643,0.086858837,9.42e-05
643.5,0.086828623,9.42e-05
644,0.086798471,9.41e-05
644.5,0.086768321,9.41e-05
645,0.086738235,9.41e-05
645.5,0.086708126,9.4e-05
646,0.086678109,9.4e-05
646.5,0.086648056,9.4e-05
647,0.086618078,9.39e-05
647.5,0.08658811,9.39e-05
648,0.086558148,9.39e-05
648.5,0.086528245,9.38e-05
649,0.086498358,9.38e-05
649.5,0.086468529,9.38e-05
650,0.08643872,9.37e-05
650.5,0.086408921,9.37e-05
651,0.086379157,9.37e-05
651.5,0.086349419,9.36e-05
652,0.086319706,9.36e-05
652.5,0.086290051,9.36e-05
653,0.086260365,9.36e-05
653.5,0.086230773,9.35e-05
654,0.086201189,9.35e-05
654.5,0.086171614,9.35e-05
655,0.086142093,9.34e-05
655.5,0.086112594,9.34e-05
656,0.086083108,9.34e-05
656.5,0.086053642,9.33e-05
657,0.08602424,9.33e-05
657.5,0.085994872,9.33e-05
658,0.085965514,9.32e-05
658.5,0.085936162,9.32e-05
659,0.085906865,9.32e-05
659.5,0.085877571,9.31e-05
660,0.08584835,9.31e-05
660.5,0.085819125,9.31e-05
661,0.085789932,9.3e-05
661.5,0.085760749,9.3e-05
662,0.085731641,9.3e-05
662.5,0.085702521,9.29e-05
663,0.085673427,9.29e-05
663.5,0.085644413,9.29e-05
664,0.085615389,9.29e-05
664.5,0.085586386,9.28e-05
665,0.085557417,9.28e-05
665.5,0.085528486,9.28e-05
666,0.085499563,9.27e-05
666.5,0.0854707,9.27e-05
667,0.085441837,9.27e-05
667.5,0.085413019,9.26e-05
668,0.085384213,9.26e-05
668.5,0.085355462,9.26e-05
669,0.08532672,9.25e-05
669.5,0.085297987,9.25e-05
670,0.085269299,9.25e-05
670.5,0.08524067,9.24e-05
671,0.085212004,9.24e-05
671.5,0.085183411,9.24e-05
672,0.08515485,9.24e-05
672.5,0.085126319,9.23e-05
673,0.085097807,9.23e-05
673.5,0.085069318,9.23e-05
674,0.085040858,9.22e-05
674.5,0.085012375,9.22e-05
675,0.084983967,9.22e-05
675.5,0.084955612,9.21e-05
676,0.084927249,9.21e-05
676.5,0.084898954,9.21e-05
677,0.084870633,9.2e-05
677.5,0.08484236,9.2e-05
678,0.084814099,9.2e-05
678.5,0.084785884,9.2e-05
679,0.084757709,9.19e-05
679.5,0.084729543,9.19e-05
680,0.084701401,9.19e-05
680.5,0.084673294,9.18e-05
681,0.084645213,9.18e-05
681.5,0.084617135,9.18e-05
682,0.084589111,9.17e-05
682.5,0.084561153,9.17e-05
683,0.08453317,9.17e-05
683.5,0.084505173,9.16e-05
684,0.084477275,9.16e-05
684.5,0.084449355,9.16e-05
685,0.084421522,9.16e-05
685.5,0.084393695,9.15e-05
686,0.084365858,9.15e-05
686.5,0.084338062,9.15e-05
687,0.084310321,9.14e-05
687.5,0.084282619,9.14e-05
688,0.084254866,9.14e-05
688.5,0.084227226,9.13e-05
689,0.084199518,9.13e-05
689.5,0.084171931,9.13e-05
690,0.084144344,9.13e-05
690.5,0.084116741,9.12e-05
691,0.084089188,9.12e-05
691.5,0.084061681,9.12e-05
692,0.084034196,9.11e-05
692.5,0.084006705,9.11e-05
693,0.083979274,9.11e-05
693.5,0.08395183,9.1e-05
694,0.083924483,9.1e-05
694.5,0.083897091,9.1e-05
695,0.083869774,9.1e-05
695.5,0.083842487,9.09e-05
696,0.083815167,9.09e-05
696.5,0.083787934,9.09e-05
697,0.083760698,9.08e-05
697.5,0.083733496,9.08e-05
698,0.083706291,9.08e-05
698.5,0.083679138,9.08e-05
699,0.083652012,9.07e-05
699.5,0.083624896,9.07e-05
700,0.083597834,9.07e-05
700.5,0.083570785,9.06e-05
701,0.083543755,9.06e-05
701.5,0.083516753,9.06e-05
702,0.083489764,9.05e-05
702.5,0.083462873,9.05e-05
703,0.083435927,9.05e-05
703.5,0.083409022,9.05e-05
704,0.083382154,9.04e-05
704.5,0.083355323,9.04e-05
705,0.083328511,9.04e-05
705.5,0.083301695,9.03e-05
706,0.083274916,9.03e-05
706.5,0.083248199,9.03e-05
707,0.08322147,9.03e-05
707.5,0.08319478,9.02e-05
708,0.083168111,9.02e-05
708.5,0.083141491,9.02e-05
709,0.08311486,9.01e-05
709.5,0.083088294,9.01e-05
710,0.083061689,9.01e-05
710.5,0.083035163,9.01e-05
711,0.083008649,9e-05
711.5,0.082982161,9e-05
712,0.082955717,9e-05
712.5,0.082929276,8.99e-05
713,0.082902869,8.99e-05
713.5,0.08287647,8.99e-05
714,0.082850084,8.98e-05
714.5,0.082823752,8.98e-05
715,0.082797462,8.98e-05
715.5,0.082771179,8.98e-05
716,0.082744889,8.97e-05
716.5,0.082718666,8.97e-05
717,0.082692469,8.97e-05
717.5,0.08266627,8.97e-05
718,0.082640103,8.96e-05
718.5,0.082613951,8.96e-05
719,0.082587873,8.96e-05
719.5,0.082561758,8.95e-05
720,0.082535717,8.95e-05
720.5,0.082509671,8.95e-05
721,0.082483644,8.95e-05
721.5,0.08245765,8.94e-05
722,0.082431708,8.94e-05
722.5,0.082405745,8.94e-05
723,0.082379869,8.93e-05
723.5,0.082353964,8.93e-05
724,0.082328079,8.93e-05
724.5,0.082302233,8.93e-05
725,0.082276412,8.92e-05
725.5,0.082250648,8.92e-05
726,0.08222488,8.92e-05
726.5,0.082199119,8.91e-05
727,0.082173383,8.91e-05
727.5,0.082147703,8.91e-05
728,0.082122008,8.91e-05
728.5,0.082096376,8.9e-05
729,0.082070789,8.9e-05
729.5,0.082045159,8.9e-05
730,0.082019572,8.89e-05
730.5,0.081994021,8.89e-05
731,0.081968528,8.89e-05
731.5,0.081943004,8.89e-05
732,0.081917511,8.88e-05
732.5,0.081892063,8.88e-05
733,0.081866665,8.88e-05
733.5,0.081841245,8.88e-05
734,0.081815845,8.87e-05
734.5,0.081790492,8.87e-05
735,0.081765163,8.87e-05
735.5,0.081739863,8.86e-05
736,0.081714552,8.86e-05
736.5,0.081689302,8.86e-05
737,0.081664069,8.86e-05
737.5,0.08163884,8.85e-05
738,0.081613657,8.85e-05
738.5,0.081588479,8.85e-05
739,0.081563371,8.85e-05
739.5,0.081538246,8.84e-05
740,0.081513141,8.84e-05
740.5,0.081488076,8.84e-05
741,0.081463032,8.83e-05
741.5,0.081437949,8.83e-05
742,0.081412986,8.83e-05
742.5,0.081387993,8.83e-05
743,0.081363033,8.82e-05
743.5,0.081338117,8.82e-05
744,0.081313206,8.82e-05
744.5,0.081288327,8.82e-05
745,0.081263465,8.81e-05
745.5,0.081238596,8.81e-05
746,0.081213789,8.81e-05
746.5,0.081189012,8.8e-05
747,0.081164238,8.8e-05
747.5,0.081139498,8.8e-05
748,0.081114768,8.8e-05
748.5,0.08109007,8.79e-05
749,0.081065398,8.79e-05
749.5,0.081040725,8.79e-05
750,0.081016132,8.79e-05
750.5,0.0809915,8.78e-05
751,0.080966941,8.78e-05
751.5,0.080942358,8.78e-05
752,0.080917802,8.78e-05
752.5,0.080893292,8.77e-05
753,0.080868818,8.77e-05
753.5,0.080844361,8.77e-05
754,0.080819897,8.76e-05
754.5,0.080795463,8.76e-05
755,0.080771041,8.76e-05
755.5,0.08074669,8.76e-05
756,0.080722326,8.75e-05
756.5,0.080697995,8.75e-05
757,0.080673688,8.75e-05
757.5,0.080649405,8.75e-05
758,0.080625134,8.74e-05
758.5,0.080600904,8.74e-05
759,0.08057668,8.74e-05
759.5,0.080552487,8.74e-05
760,0.080528303,8.73e-05
760.5,0.080504133,8.73e-05
761,0.08048001,8.73e-05
761.5,0.080455924,8.72e-05
762,0.080431827,8.72e-05
762.5,0.080407744,8.72e-05
763,0.080383728,8.72e-05
763.5,0.080359701,8.71e-05
764,0.080335733,8.71e-05
764.5,0.080311763,8.71e-05
765,0.080287803,8.71e-05
765.5,0.080263857,8.7e-05
766,0.080239945,8.7e-05
766.5,0.080216066,8.7e-05
767,0.0801922,8.7e-05
767.5,0.080168393,8.69e-05
768,0.080144544,8.69e-05
768.5,0.080120769,8.69e-05
769,0.080097005,8.69e-05
769.5,0.080073224,8.68e-05
770,0.080049497,8.68e-05
770.5,0.080025786,8.68e-05
771,0.080002104,8.68e-05
771.5,0.079978434,8.669999999999999e-05
772,0.079954826,8.669999999999999e-05
772.5,0.079931204,8.669999999999999e-05
773,0.07990761,8.669999999999999e-05
773.5,0.079884038,8.66e-05
774,0.079860459,8.66e-05
774.5,0.079836943,8.66e-05
775,0.079813407,8.66e-05
775.5,0.079789949,8.65e-05
776,0.079766455,8.65e-05
776.5,0.079743045,8.65e-05
777,0.079719633,8.64e-05
777.5,0.079696184,8.64e-05
778,0.07967283,8.64e-05
778.5,0.079649443,8.64e-05
779,0.079626105,8.63e-05
779.5,0.079602796,8.63e-05
780,0.079579514,8.63e-05
780.5,0.079556248,8.63e-05
781,0.079532984,8.62e-05
781.5,0.079509746,8.62e-05
782,0.079486575,8.62e-05
782.5,0.079463347,8.62e-05
783,0.079440214,8.61e-05
783.5,0.07941705,8.61e-05
784,0.079393916,8.61e-05
784.5,0.079370828,8.61e-05
785,0.079347771,8.6e-05
785.5,0.079324702,8.6e-05
786,0.079301649,8.6e-05
786.5,0.079278635,8.6e-05
787,0.079255619,8.59e-05
787.5,0.079232698,8.59e-05
788,0.079209711,8.59e-05
788.5,0.079186768,8.59e-05
789,0.079163871,8.58e-05
789.5,0.079140981,8.58e-05
790,0.079118134,8.58e-05
790.5,0.079095275,8.58e-05
791,0.079072445,8.57e-05
791.5,0.079049625,8.57e-05
792,0.079026851,8.57e-05
792.5,0.079004081,8.57e-05
793,0.078981337,8.56e-05
793.5,0.078958623,8.56e-05
794,0.078935921,8.56e-05
794.5,0.078913235,8.56e-05
795,0.078890571,8.55e-05
795.5,0.078867946,8.55e-05
796,0.078845332,8.55e-05
796.5,0.078822742,8.55e-05
797,0.078800154,8.54e-05
797.5,0.078777584,8.54e-05
798,0.078755046,8.54e-05
798.5,0.078732521,8.54e-05
799,0.078710055,8.54e-05
799.5,0.07868758,8.53e-05
800,0.07866511,8.53e-05
800.5,0.078663943,8.53e-05
801,0.078663943,8.53e-05
801.5,0.078663943,8.53e-05
802,0.078663943,8.53e-05
802.5,0.078663943,8.53e-05
803,0.078663943,8.53e-05
803.5,0.078663943,8.53e-05
804,0.078663943,8.53e-05
804.5,0.078663943,8.53e-05
805,0.078663943,8.53e-05
805.5,0.078663943,8.53e-05
806,0.078663943,8.53e-05
806.5,0.078663943,8.53e-05
807,0.078663943,8.53e-05
807.5,0.078663943,8.53e-05
808,0.078663943,8.53e-05
808.5,0.078663943,8.53e-05
809,0.078663943,8.53e-05
809.5,0.078663943,8.53e-05
810,0.078663943,8.53e-05
810.5,0.078663943,8.53e-05
811,0.078663943,8.53e-05
811.5,0.078663943,8.53e-05
812,0.078663943,8.53e-05
812.5,0.078663943,8.53e-05
813,0.078663943,8.53e-05
813.5,0.078663943,8.53e-05
814,0.078663943,8.53e-05
814.5,0.078663943,8.53e-05
815,0.078663943,8.53e-05
815.5,0.078663943,8.53e-05
816,0.078663943,8.53e-05
816.5,0.078663943,8.53e-05
817,0.078663943,8.53e-05
817.5,0.078663943,8.53e-05
818,0.078663943,8.53e-05
818.5,0.078663943,8.53e-05
819,0.078663943,8.53e-05
819.5,0.078663943,8.53e-05
820,0.078663943,8.53e-05
820.5,0.078663943,8.53e-05
821,0.078663943,8.53e-05
821.5,0.078663943,8.53e-05
822,0.078663943,8.53e-05
822.5,0.078663943,8.53e-05
823,0.078663943,8.53e-05
823.5,0.078663943,8.53e-05
824,0.078663943,8.53e-05
824.5,0.078663943,8.53e-05
825,0.078663943,8.53e-05
825.5,0.078663943,8.53e-05
826,0.078663943,8.53e-05
826.5,0.078663943,8.53e-05
827,0.078663943,8.53e-05
827.5,0.078663943,8.53e-05
828,0.078663943,8.53e-05
828.5,0.078663943,8.53e-05
829,0.078663943,8.53e-05
829.5,0.078663943,8.53e-05
830,0.078663943,8.53e-05
830.5,0.078663943,8.53e-05
831,0.078663943,8.53e-05
831.5,0.078663943,8.53e-05
832,0.078663943,8.53e-05
832.5,0.078663943,8.53e-05
833,0.078663943,8.53e-05
833.5,0.078663943,8.53e-05
834,0.078663943,8.53e-05
834.5,0.078663943,8.53e-05
835,0.078663943,8.53e-05
835.5,0.078663943,8.53e-05
836,0.078663943,8.53e-05
836.5,0.078663943,8.53e-05
837,0.078663943,8.53e-05
837.5,0.078663943,8.53e-05
838,0.078663943,8.53e-05
838.5,0.078663943,8.53e-05
839,0.078663943,8.53e-05
839.5,0.078663943,8.53e-05
840,0.078663943,8.53e-05
840.5,0.078663943,8.53e-05
841,0.078663943,8.53e-05
841.5,0.078663943,8.53e-05
842,0.078663943,8.53e-05
842.5,0.078663943,8.53e-05
843,0.078663943,8.53e-05
843.5,0.078663943,8.53e-05
844,0.078663943,8.53e-05
844.5,0.078663943,8.53e-05
845,0.078663943,8.53e-05
845.5,0.078663943,8.53e-05
846,0.078663943,8.53e-05
846.5,0.078663943,8.53e-05
847,0.078663943,8.53e-05
847.5,0.078663943,8.53e-05
848,0.078663943,8.53e-05
848.5,0.078663943,8.53e-05
849,0.078663943,8.53e-05
849.5,0.078663943,8.53e-05
850,0.078663943,8.53e-05
850.5,0.078663943,8.53e-05
851,0.078663943,8.53e-05
851.5,0.078663943,8.53e-05
852,0.078663943,8.53e-05
852.5,0.078663943,8.53e-05
853,0.078663943,8.53e-05
853.5,0.078663943,8.53e-05
854,0.078663943,8.53e-05
854.5,0.078663943,8.53e-05
855,0.078663943,8.53e-05
855.5,0.078663943,8.53e-05
856,0.078663943,8.53e-05
856.5,0.078663943,8.53e-05
857,0.078663943,8.53e-05
857.5,0.078663943,8.53e-05
858,0.078663943,8.53e-05
858.5,0.078663943,8.53e-05
859,0.078663943,8.53e-05
859.5,0.078663943,8.53e-05
860,0.078663943,8.53e-05
860.5,0.078663943,8.53e-05
861,0.078663943,8.53e-05
861.5,0.078663943,8.53e-05
862,0.078663943,8.53e-05
862.5,0.078663943,8.53e-05
863,0.078663943,8.53e-05
863.5,0.078663943,8.53e-05
864,0.078663943,8.53e-05
864.5,0.078663943,8.53e-05
865,0.078663943,8.53e-05
865.5,0.078663943,8.53e-05
866,0.078663943,8.53e-05
866.5,0.078663943,8.53e-05
867,0.078663943,8.53e-05
867.5,0.078663943,8.53e-05
868,0.078663943,8.53e-05
868.5,0.078663943,8.53e-05
869,0.078663943,8.53e-05
869.5,0.078663943,8.53e-05
870,0.078663943,8.53e-05
870.5,0.078663943,8.53e-05
871,0.078663943,8.53e-05
871.5,0.078663943,8.53e-05
872,0.078663943,8.53e-05
872.5,0.078663943,8.53e-05
873,0.078663943,8.53e-05
873.5,0.078663943,8.53e-05
874,0.078663943,8.53e-05
874.5,0.078663943,8.53e-05
875,0.078663943,8.53e-05
875.5,0.078663943,8.53e-05
876,0.078663943,8.53e-05
876.5,0.078663943,8.53e-05
877,0.078663943,8.53e-05
877.5,0.078663943,8.53e-05
878,0.078663943,8.53e-05
878.5,0.078663943,8.53e-05
879,0.078663943,8.53e-05
879.5,0.078663943,8.53e-05
880,0.078663943,8.53e-05
880.5,0.078663943,8.53e-05
881,0.078663943,8.53e-05
881.5,0.078663943,8.53e-05
882,0.078663943,8.53e-05
882.5,0.078663943,8.53e-05
883,0.078663943,8.53e-05
883.5,0.078663943,8.53e-05
884,0.078663943,8.53e-05
884.5,0.078663943,8.53e-05
885,0.078663943,8.53e-05
885.5,0.078663943,8.53e-05
886,0.078663943,8.53e-05
886.5,0.078663943,8.53e-05
887,0.078663943,8.53e-05
887.5,0.078663943,8.53e-05
888,0.078663943,8.53e-05
888.5,0.078663943,8.53e-05
889,0.078663943,8.53e-05
889.5,0.078663943,8.53e-05
890,0.078663943,8.53e-05
890.5,0.078663943,8.53e-05
891,0.078663943,8.53e-05
891.5,0.078663943,8.53e-05
892,0.078663943,8.53e-05
892.5,0.078663943,8.53e-05
893,0.078663943,8.53e-05
893.5,0.078663943,8.53e-05
894,0.078663943,8.53e-05
894.5,0.078663943,8.53e-05
895,0.078663943,8.53e-05
895.5,0.078663943,8.53e-05
896,0.078663943,8.53e-05
896.5,0.078663943,8.53e-05
897,0.078663943,8.53e-05
897.5,0.078663943,8.53e-05
898,0.078663943,8.53e-05
898.5,0.078663943,8.53e-05
899,0.078663943,8.53e-05
899.5,0.078663943,8.53e-05
900,0.078663943,8.53e-05
900.5,0.078663943,8.53e-05
901,0.078663943,8.53e-05
901.5,0.078663943,8.53e-05
902,0.078663943,8.53e-05
902.5,0.078663943,8.53e-05
903,0.078663943,8.53e-05
903.5,0.078663943,8.53e-05
904,0.078663943,8.53e-05
904.5,0.078663943,8.53e-05
905,0.078663943,8.53e-05
905.5,0.078663943,8.53e-05
906,0.078663943,8.53e-05
906.5,0.078663943,8.53e-05
907,0.078663943,8.53e-05
907.5,0.078663943,8.53e-05
908,0.078663943,8.53e-05
908.5,0.078663943,8.53e-05
909,0.078663943,8.53e-05
909.5,0.078663943,8.53e-05
910,0.078663943,8.53e-05
910.5,0.078663943,8.53e-05
911,0.078663943,8.53e-05
911.5,0.078663943,8.53e-05
912,0.078663943,8.53e-05
912.5,0.078663943,8.53e-05
913,0.078663943,8.53e-05
913.5,0.078663943,8.53e-05
914,0.078663943,8.53e-05
914.5,0.078663943,8.53e-05
915,0.078663943,8.53e-05
915.5,0.078663943,8.53e-05
916,0.078663943,8.53e-05
916.5,0.078663943,8.53e-05
917,0.078663943,8.53e-05
917.5,0.078663943,8.53e-05
918,0.078663943,8.53e-05
918.5,0.078663943,8.53e-05
919,0.078663943,8.53e-05
919.5,0.078663943,8.53e-05
920,0.078663943,8.53e-05
920.5,0.078663943,8.53e-05
921,0.078663943,8.53e-05
921.5,0.078663943,8.53e-05
922,0.078663943,8.53e-05
922.5,0.078663943,8.53e-05
923,0.078663943,8.53e-05
923.5,0.078663943,8.53e-05
924,0.078663943,8.53e-05
924.5,0.078663943,8.53e-05
925,0.078663943,8.53e-05
925.5,0.078663943,8.53e-05
926,0.078663943,8.53e-05
926.5,0.078663943,8.53e-05
927,0.078663943,8.53e-05
927.5,0.078663943,8.53e-05
928,0.078663943,8.53e-05
928.5,0.078663943,8.53e-05
929,0.078663943,8.53e-05
929.5,0.078663943,8.53e-05
930,0.078663943,8.53e-05
930.5,0.078663943,8.53e-05
931,0.078663943,8.53e-05
931.5,0.078663943,8.53e-05
932,0.078663943,8.53e-05
932.5,0.078663943,8.53e-05
933,0.078663943,8.53e-05
933.5,0.078663943,8.53e-05
934,0.078663943,8.53e-05
934.5,0.078663943,8.53e-05
935,0.078663943,8.53e-05
935.5,0.078663943,8.53e-05
936,0.078663943,8.53e-05
936.5,0.078663943,8.53e-05
937,0.078663943,8.53e-05
937.5,0.078663943,8.53e-05
938,0.078663943,8.53e-05
938.5,0.078663943,8.53e-05
939,0.078663943,8.53e-05
939.5,0.078663943,8.53e-05
940,0.078663943,8.53e-05
940.5,0.078663943,8.53e-05
941,0.078663943,8.53e-05
941.5,0.078663943,8.53e-05
942,0.078663943,8.53e-05
942.5,0.078663943,8.53e-05
943,0.078663943,8.53e-05
943.5,0.078663943,8.53e-05
944,0.078663943,8.53e-05
944.5,0.078663943,8.53e-05
945,0.078663943,8.53e-05
945.5,0.078663943,8.53e-05
946,0.078663943,8.53e-05
946.5,0.078663943,8.53e-05
947,0.078663943,8.53e-05
947.5,0.078663943,8.53e-05
948,0.078663943,8.53e-05
948.5,0.078663943,8.53e-05
949,0.078663943,8.53e-05
949.5,0.078663943,8.53e-05
950,0.078663943,8.53e-05
950.5,0.078663943,8.53e-05
951,0.078663943,8.53e-05
951.5,0.078663943,8.53e-05
952,0.078663943,8.53e-05
952.5,0.078663943,8.53e-05
953,0.078663943,8.53e-05
953.5,0.078663943,8.53e-05
954,0.078663943,8.53e-05
954.5,0.078663943,8.53e-05
955,0.078663943,8.53e-05
955.5,0.078663943,8.53e-05
956,0.078663943,8.53e-05
956.5,0.078663943,8.53e-05
957,0.078663943,8.53e-05
957.5,0.078663943,8.53e-05
958,0.078663943,8.53e-05
958.5,0.078663943,8.53e-05
959,0.078663943,8.53e-05
959.5,0.078663943,8.53e-05
960,0.078663943,8.53e-05
960.5,0.078663943,8.53e-05
961,0.078663943,8.53e-05
961.5,0.078663943,8.53e-05
962,0.078663943,8.53e-05
962.5,0.078663943,8.53e-05
963,0.078663943,8.53e-05
963.5,0.078663943,8.53e-05
964,0.078663943,8.53e-05
964.5,0.078663943,8.53e-05
965,0.078663943,8.53e-05
965.5,0.078663943,8.53e-05
966,0.078663943,8.53e-05
966.5,0.078663943,8.53e-05
967,0.078663943,8.53e-05
967.5,0.078663943,8.53e-05
968,0.078663943,8.53e-05
968.5,0.078663943,8.53e-05
969,0.078663943,8.53e-05
969.5,0.078663943,8.53e-05
970,0.078663943,8.53e-05
970.5,0.078663943,8.53e-05
971,0.078663943,8.53e-05
971.5,0.078663943,8.53e-05
972,0.078663943,8.53e-05
972.5,0.078663943,8.53e-05
973,0.078663943,8.53e-05
973.5,0.078663943,8.53e-05
974,0.078663943,8.53e-05
974.5,0.078663943,8.53e-05
975,0.078663943,8.53e-05
975.5,0.078663943,8.53e-05
976,0.078663943,8.53e-05
976.5,0.078663943,8.53e-05
977,0.078663943,8.53e-05
977.5,0.078663943,8.53e-05
978,0.078663943,8.53e-05
978.5,0.078663943,8.53e-05
979,0.078663943,8.53e-05
979.5,0.078663943,8.53e-05
980,0.078663943,8.53e-05
980.5,0.078663943,8.53e-05
981,0.078663943,8.53e-05
981.5,0.078663943,8.53e-05
982,0.078663943,8.53e-05
982.5,0.078663943,8.53e-05
983,0.078663943,8.53e-05
983.5,0.078663943,8.53e-05
984,0.078663943,8.53e-05
984.5,0.078663943,8.53e-05
985,0.078663943,8.53e-05
985.5,0.078663943,8.53e-05
986,0.078663943,8.53e-05
986.5,0.078663943,8.53e-05
987,0.078663943,8.53e-05
987.5,0.078663943,8.53e-05
988,0.078663943,8.53e-05
988.5,0.078663943,8.53e-05
989,0.078663943,8.53e-05
989.5,0.078663943,8.53e-05
990,0.078663943,8.53e-05
990.5,0.078663943,8.53e-05
991,0.078663943,8.53e-05
991.5,0.078663943,8.53e-05
992,0.078663943,8.53e-05
992.5,0.078663943,8.53e-05
993,0.078663943,8.53e-05
993.5,0.078663943,8.53e-05
994,0.078663943,8.53e-05
994.5,0.078663943,8.53e-05
995,0.078663943,8.53e-05
995.5,0.078663943,8.53e-05
996,0.078663943,8.53e-05
996.5,0.078663943,8.53e-05
997,0.078663943,8.53e-05
997.5,0.078663943,8.53e-05
998,0.078663943,8.53e-05
998.5,0.078663943,8.53e-05
999,0.078663943,8.53e-05
999.5,0.078663943,8.53e-05
1000,0.078663943,8.53e-05
